,0,1,2,3,4,5,6,7
0,FC_SGP_original_images/ccfbue110099.fits_327.3375_106.8566_SGP_orig.fits,"[8578.466082026747, 22614.035019828923, 29107.23816144094, 28534.603257329785, 22980.400419036843, 16884.6525719293, 12313.735528092773, 8981.626179159328, 6769.594628151652, 5268.154960187268, 4222.158152247081, 3309.4333536641207, 2755.4305968247354, 2352.4940074832703, 1812.1239416403987, 1038.7511187380878, 622.0086103175126, 418.45720456176787, 211.8950911795837, 181.883950679563]","[14022.554708277055, 20448.569564492616, 25549.17734718917, 27350.741572766456, 25086.46618798751, 19714.604483023988, 13274.398346625765, 7658.078626662641, 3785.323433943742, 1603.1138388952108, 581.7065184954373, 180.85132508968312, 48.17454897339787, 10.994913498846111, 2.150028288187217, 0.36022572867763525, 0.05171106479274949, 0.006360194983167598, 0.0006702480772625195, 6.051721326156194e-05]","[27418.21165063492, 60074.13800084366, 52664.95402687878, 23330.5808582709, 2744.885171856673, 51.63973312318558, 0.0, 0.0, 0.0, 0.0, 2.9103830456733704e-11, -2.9103830456733704e-11, 0.0, 0.0, 2.9103830456733704e-11, -2.9103830456733704e-11, 0.0, 0.0, 0.0, 0.0]","[28164.61658424976, 58928.69049673496, 54075.79952349559, 21763.679422614878, 3841.6244159296284, 297.40666543823096, 10.098100863765284, 0.15037717534060946, 0.0009821489424597064, 2.8133644526996618e-06, 3.5344988942937514e-09, 1.94752443985541e-12, 4.706425567106622e-16, 4.988301382997373e-20, 2.318821865140301e-24, 4.7275409660230307e-29, 4.227235341163083e-34, 1.65779476799604e-39, 2.851401110867435e-45, 2.150993391899438e-51]",0.03460542139364411,0.0007219917423211301,[5.97814599e+02 1.21650791e-02 1.30683723e-02]
1,FC_SGP_original_images/ccfbvc170118.fits_178.244_506.4522_SGP_orig.fits,"[600.5205729735425, 1720.74417425522, 2400.558612696638, 2522.230801288122, 2462.2022371435314, 2049.5657867632945, 1539.4858722390218, 992.1892137439336, 404.6157726954989, -307.1847925658949, -750.8370274840054, -1262.4279411244243, -1817.273637166294, -2193.248104324055, -2329.080426536955, -1913.5347777771767, -1202.3827306101944, -898.4615266134647, -574.1384968016546, -375.3448230706895]","[860.1498044753873, 1525.9120085206011, 2221.3613396188975, 2653.6476076612707, 2601.366920506904, 2092.638924399048, 1381.4059031535814, 748.3118771542079, 332.6429256459724, 121.34119495300827, 36.32223515856531, 8.922184231643627, 1.7984738599676526, 0.29748933146301465, 0.04038062011399875, 0.0044978906692308765, 0.0004111299619580837, 3.0837821042807374e-05, 1.8981151785346231e-06, 9.587287760873326e-08]","[2426.6961297605058, 5551.266540533096, 6118.143819653924, 4963.466705503588, 3140.008733744082, 1525.3127908456918, 525.3276969653925, 114.80386084911515, 23.632186431881564, 19.075140766595723, 7.800620613525098, 6.023774795976351, 6.547581299964804, 7.034043861785904, 6.7459575030406995, 5.744122085143317, 4.228441791055957, 2.956551225925068, 2.0364341597996827, 1.2404625448471052]","[2882.9937895012117, 5046.454453599706, 6158.6293018576025, 5240.0668196761935, 3108.4554036668324, 1285.6048791960025, 370.70243435223347, 74.52438811794941, 10.445433172130173, 1.0207268661096525, 0.06954208247028928, 0.003303245808389689, 0.0001093929032283004, 2.5257621991565586e-06, 4.0658450639636835e-08, 4.5631447541006877e-10, 3.5705302896531793e-12, 1.9478533311565034e-14, 7.40857766738189e-17, 1.96457439239901e-19]",0.002060290418146109,0.0022590168595524713,[1.40972441e+02 4.55631161e-02 5.02885937e-02]
2,FC_SGP_original_images/ccfbvc170118.fits_474.0155_402.918_SGP_orig.fits,"[490.7524775950241, 1445.8691057896358, 2275.2422809911213, 2676.8852291247176, 2806.3657930537647, 2770.8246589256487, 2402.317695625028, 1975.0988343842146, 1541.0652487502448, 1243.0727890209746, 925.2845773886838, 678.7612504737262, 447.60533136612503, 103.41283550360822, 130.6437387605256, 53.31157998735216, 40.41555586966206, -28.718906192494615, 101.9494817010127, -2.0919857189583126]","[1014.3753080089041, 1492.349587645076, 2001.6836745483463, 2447.785178130471, 2729.00373852089, 2773.8817092804743, 2570.5420904817197, 2171.7732442314536, 1672.8508205174692, 1174.7702106498837, 752.1450701173632, 439.03917905059916, 233.64576755352095, 113.3614873174977, 50.14482599457424, 20.222726033596818, 7.435432653446571, 2.492446050695281, 0.7617250981699744, 0.21223829128476196]","[1883.4566705634368, 4026.917381839922, 4469.534088282801, 3728.3573019845535, 2829.2852694121048, 1674.778039738765, 617.9616970880634, 181.9131417472163, 40.48570262137582, 5.145595282163413, 5.788969426703261, 2.4896064755303087, 0.0, 0.0, 0.0, 0.0, 0.0, 0.0, 0.0, 3.637978807091713e-12]","[2255.220375050476, 3623.792326779502, 4402.981469875475, 4045.196814232696, 2810.228911930906, 1476.2264440340264, 586.372380742826, 176.11780881430133, 39.99836905101581, 6.868952845127988, 0.8919654428783496, 0.08758198118940456, 0.006502655455703038, 0.00036506984710659525, 1.5497813367402155e-05, 4.974782883610584e-07, 1.2074998303260536e-08, 2.2162016176966547e-10, 3.0756768150036025e-12, 3.2276123781612706e-14]",0.006526558966207168,0.0011397284256640472,[1.12250802e+02 5.88833247e-02 6.57547272e-02]
3,FC_SGP_original_images/ccfbvc170118.fits_485.6476_528.831_SGP_orig.fits,"[4385.0328297380765, 12168.95578588477, 17884.307420589146, 20277.83395075258, 20433.302717455066, 19611.731906870235, 18164.56811564356, 16443.650090316834, 14073.837448927807, 11758.36060259625, 9816.522060091578, 8645.000724876445, 7902.142814328254, 7597.288303023321, 7176.395777773694, 5288.398447103245, 4175.560398621485, 3675.4655067060376, 3007.313221629389, 2049.201003793569]","[11141.744259316783, 13207.373553454743, 15105.756849145399, 16669.83382720923, 17749.364328978412, 18234.63564387386, 18074.826129575955, 17286.772607689574, 15952.048551291677, 14203.054673132448, 12201.404003821754, 10113.479733458678, 8088.242471229233, 6241.234037859881, 4646.752348032748, 3338.038476282639, 2313.640628671661, 1547.2597156839315, 998.3740571342887, 621.5643661219132]","[18944.80169755332, 43836.93734915709, 44559.41658749556, 32298.261261896434, 18117.657790330093, 7750.287983535905, 1830.4223240693682, 289.43156426836504, 151.21018824228668, 161.8875803198025, 178.92795449466212, 195.96871206560172, 213.00946963648312, 229.59841083627543, 222.60266224923544, 187.16350256151054, 135.81258312330465, 95.66197852184996, 65.95631038228748, 40.157686536200345]","[22389.21539958833, 39627.65487763434, 45718.20533416704, 34380.428094814015, 16852.51377238689, 5384.54989672152, 1121.4125838904781, 152.23438218018558, 13.470737625015996, 0.7769647394890047, 0.02921073918014867, 0.0007158385593923133, 1.143454621851788e-05, 1.1905676684403977e-07, 8.080170764103362e-10, 3.5745246652708336e-12, 1.0307358028117399e-14, 1.9373484046670855e-17, 2.373555557758519e-20, 1.8954938441275958e-23]",0.010617870854895415,0.005606020040834296,[1.22454698e+03 4.86668233e-02 5.38022736e-02]
4,FC_SGP_original_images/ccfbvc170119.fits_226.8246_174.0645_SGP_orig.fits,"[331.4445330268588, 978.5155630775607, 1438.0781788574225, 1696.4023674292475, 1807.5067298350396, 1600.67267260057, 1413.2392232848542, 1153.680112532942, 898.3814577914873, 784.1796279413775, 745.383198839354, 538.0868660087508, 374.54806892659326, 320.9431987881926, 122.31992234436802, 4.898856923364292, 172.6241878380697, -51.70358578597006, -5.855099831625921, 25.468526370423206]","[746.4241858126996, 1009.712434852673, 1269.8817718553694, 1484.84956724455, 1614.192061257359, 1631.4791964425945, 1533.0681335254744, 1339.3526937563265, 1087.8826172279444, 821.5286284749277, 576.7889743045644, 376.49982666086476, 228.48947200885775, 128.92026528749295, 67.62850232705473, 32.983134976281924, 14.955732101288111, 6.3048826133576945, 2.471154597183116, 0.9004848485141812]","[865.576635678106, 2333.5558872646393, 2778.8607222488695, 2368.4807976706024, 1783.7330849538976, 1100.0811179518314, 468.8134706268065, 165.0215321795804, 47.51652688033573, 11.45064778138476, 2.618590535294061, 0.0, 1.8189894035458565e-12, -3.637978807091713e-12, 1.8189894035458565e-12, 1.8189894035458565e-12, -3.637978807091713e-12, 0.0, 3.637978807091713e-12, 0.0]","[1178.8860141479452, 2063.012396850882, 2676.6541356778407, 2574.7974743569116, 1836.3450512053937, 971.0149149890112, 380.6781149473379, 110.64971936215834, 23.845318127422825, 3.809924086386923, 0.45132555120651646, 0.039639112064989435, 0.0025811801179438367, 0.00012461579782404764, 4.460548756058192e-06, 1.1837605884396624e-07, 2.3291628792606915e-09, 3.397787706317977e-11, 3.6749634049958915e-13, 2.9469325400048344e-15]",0.010749470327325115,0.0024731470798604748,[8.57121781e+01 6.82441242e-02 7.48846011e-02]
5,FC_SGP_original_images/ccfbvc170119.fits_297.1877_311.5624_SGP_orig.fits,"[780.34343949443, 2158.2110207410315, 3049.1602055737917, 3547.143770610959, 3687.2430924233067, 3548.230037921214, 3016.612697864868, 2658.230589727431, 2446.8442189686066, 1989.6568981853925, 1834.3232212976363, 1552.5440255179565, 1226.4611719856257, 1102.7654094017817, 933.2812123430886, 668.4736515160548, 363.2423761395039, 168.20214779360685, 116.94522737335501, 58.492662587850646]","[1811.6575635377728, 2245.081562925598, 2655.5257919897476, 2997.997822291824, 3230.5352992813, 3322.61527454671, 3261.7300316413007, 3056.175965434801, 2733.1979626062885, 2333.0616194294025, 1900.8319311321573, 1478.1673901626962, 1097.1497385067337, 777.2676262820844, 525.5785634742543, 339.20878890248366, 208.95796864963458, 122.86075158035246, 68.94928808723786, 36.932507412444735]","[2523.878683925842, 5455.566320384629, 6151.182409666418, 5365.51887585638, 3946.336875055167, 2095.957910352343, 769.7936201662669, 275.79017413986367, 87.87400787890147, 32.537355212505645, 21.33575983366245, 22.483062635998067, 24.438111560881225, 26.393160485738917, 26.102983221579052, 21.674556779820705, 15.210591691877198, 10.879822494327527, 7.51324941070925, 4.571049205271265]","[2961.9598891732667, 4959.965556014973, 6158.373514073312, 5669.454432762353, 3869.9414104353973, 1958.6434687705535, 735.0117218436848, 204.5130471090399, 42.19253812801325, 6.4541367259216615, 0.7320294426416086, 0.061561162794901966, 0.003838600871559069, 0.0001774708292311673, 6.083715232054266e-06, 1.5463174391970138e-07, 2.9141795628557563e-09, 4.0721319330093126e-11, 4.21905561425711e-13, 3.241130650183115e-15]",0.006990715389878334,0.003387794341418942,[1.28339496e+02 4.56842419e-02 5.06653907e-02]
6,FC_SGP_original_images/ccfbvc170119.fits_515.4571_110.0911_SGP_orig.fits,"[1894.9563943036737, 5481.503321311827, 8243.550297176254, 9920.704871546357, 10537.301093112645, 10524.648086981884, 9872.227146596713, 9013.524062016113, 8180.278768947188, 7471.948034546105, 6529.446108841657, 5757.301386376814, 5057.554201280771, 4143.794257793823, 3711.234226199318, 2409.6081772222387, 1377.4928000071814, 912.9087441839365, 580.2426869286865, 316.229287522714]","[4802.653612056561, 6026.701926565279, 7253.605079958902, 8373.438757191225, 9271.063090188436, 9845.345731847967, 10027.857490977336, 9796.277572937148, 9178.88138569882, 8248.864697135567, 7110.07774145038, 5878.0092528078385, 4660.815679110785, 3544.617179197364, 2585.547343900605, 1808.8868346929116, 1213.7969675276734, 781.1895861765369, 482.2170801893831, 285.49892662838107]","[5973.204708901139, 15269.209055518091, 18472.071800957856, 16493.517455154535, 11928.046368835792, 6764.360229719678, 2711.896779179835, 942.0328891070094, 226.6777109290706, 87.99423452609335, 90.31095422201906, 98.91199748127838, 107.51304074050859, 114.74960394669324, 111.86443520186003, 92.47700395186257, 70.1320701418008, 48.74487343346118, 33.53799766895827, 20.432647928537335]","[7613.2397935703275, 13789.18938555619, 18166.64606605629, 17409.14990975837, 12135.206366245784, 6152.952445567284, 2269.272980721509, 608.7748706449174, 118.7937202216376, 16.861532367680812, 1.7408742004630515, 0.13073881039904867, 0.007141812762058355, 0.00028377829977494645, 8.201942038726374e-06, 1.72433244792093e-07, 2.6368905069025316e-09, 2.933121031615505e-11, 2.3732017640054117e-13, 1.3967096451092896e-15]",0.004849514487255883,0.005063580069918836,[4.42557517e+02 4.99389768e-02 5.44435827e-02]
7,FC_SGP_original_images/ccfbvc170120.fits_266.2868_418.8551_SGP_orig.fits,"[6633.221719443054, 19499.1533390958, 31107.396676024793, 39693.93829714935, 43667.49032805978, 43175.92504931084, 40280.34890236519, 35276.07715452474, 30064.329255096265, 25209.730039811053, 20882.712940030906, 17734.55129677843, 15334.082976709818, 14318.97389453929, 13970.526776375482, 11757.597137635981, 7957.713458784157, 5022.124278235075, 3370.0775371011114, 2416.902645148395]","[18306.828648292, 23497.40964038677, 28730.302578835748, 33463.684084492495, 37129.63187631625, 39244.6875055352, 39514.31404901464, 37900.18755537253, 34629.13242631297, 30140.829707375928, 24990.91373612502, 19738.87549126211, 14851.694933660636, 10644.933977649764, 7268.1396719856975, 4727.340633696275, 2929.030334556445, 1728.7977236561128, 972.0258946592297, 520.6247704902398]","[19200.62874657624, 48409.426005081725, 60394.41406123545, 55944.11424981755, 41276.81683021507, 22992.964430228545, 8130.7415895749, 1517.862090249022, 341.488007970067, 346.70786867063725, 383.20343379391124, 419.6989989170688, 456.1945640403137, 492.26774885939085, 474.4924285681336, 403.44575466006063, 290.08282953471644, 204.8208766632015, 141.23805844425806, 85.99520074625616]","[23612.124945354324, 44254.51034473367, 59892.88767214467, 58531.3055227988, 41304.4092409281, 21047.468324908776, 7744.5922954270845, 2057.749479870007, 394.8041298630952, 54.697328967235194, 5.4719963188706675, 0.39529445266056357, 0.02062010576437318, 0.0007767053612747316, 2.1125984796399276e-05, 4.149281201880726e-07, 5.884695828299052e-09, 6.02657292959235e-11, 4.4566862290779383e-13, 2.3798465047431055e-15]",0.01256221970863292,0.005476972005696914,[1.21097469e+03 4.03694089e-02 4.36672558e-02]
8,FC_SGP_original_images/ccfbvc170120.fits_484.9905_435.0559_SGP_orig.fits,"[542.9339703527462, 1696.0766670484581, 2790.1770206035476, 3848.923940159595, 4411.660762077603, 4481.888542471679, 4259.947586570277, 3729.763881401119, 3123.973345791237, 2612.426442938624, 2140.094961140265, 1510.9069476876466, 770.5492973771543, 189.84285501192062, -7.364997625816613, -175.51779941904533, -291.4286721296885, -362.592316009177, -430.3945463081109, -252.31573387234675]","[1193.2857246992908, 1861.3878367147506, 2653.718363622744, 3457.787654620879, 4117.819829395055, 4481.897224842111, 4458.430261390828, 4053.4758861159366, 3368.206745665792, 2557.969844912031, 1775.4875491627208, 1126.3292779471433, 653.038291394773, 346.04888371050816, 167.59528240267784, 74.18424109159847, 30.011455494968832, 11.096550400659442, 3.7498548159592486, 1.1581543647583952]","[1775.0057810851981, 4575.778458415523, 6061.027932448759, 6170.659936021842, 5184.547393381163, 4106.636528563133, 2953.454549370821, 1631.4435552910181, 701.8035597057715, 344.17858426767634, 137.07198362635972, 13.617513058256009, -7.275957614183426e-12, 0.0, 0.0, 7.275957614183426e-12, 0.0, 0.0, 0.0, 0.0]","[2575.7707881398514, 4169.344300014042, 5581.216125050701, 6178.605318638936, 5656.562643039808, 4282.676610992054, 2681.504287743511, 1388.4883600393812, 594.5748355328878, 210.5578022915048, 61.66470909615512, 14.934908582762791, 2.991362077552083, 0.49549118454923274, 0.06787399533394141, 0.007689027776320391, 0.0007203440591664556, 5.580961946577142e-05, 3.5758449332783308e-06, 1.8947365236817918e-07]",0.0032249305272339587,0.0023697287543042065,[1.83119159e+02 8.14694611e-02 8.96369524e-02]
9,FC_SGP_original_images/ccfbvc170121.fits_178.0998_506.4224_SGP_orig.fits,"[1071.4400389914294, 2979.3914747018134, 4531.164287550528, 5586.218448827436, 6255.266088568893, 6220.652107493461, 5682.1801578667655, 5143.427490741458, 4324.68352274545, 3462.754942890555, 2891.597165733154, 2266.140842833971, 1836.5023239604925, 1437.0284576837366, 885.4399695163884, 347.2966480581381, 320.01393539956916, 203.63169015663152, 135.40567447886133, 202.9951534205975]","[2307.097855643933, 3200.986226492218, 4150.29512603371, 5028.651516942668, 5693.790522977217, 6024.608291821839, 5957.081340510747, 5504.471534580405, 4753.079903268692, 3835.411669228857, 2892.1861384481645, 2038.064293980831, 1342.106270644807, 825.9111240982503, 474.96008183734835, 255.2456156201618, 128.1848962088258, 60.157919230240466, 26.38311931222607, 10.81276742452099]","[2727.216813367049, 6522.549628515317, 8247.708664695503, 8091.464652184324, 6520.88516096531, 4335.526195247174, 2240.655191689999, 952.2530611890179, 423.14408857280796, 167.73209979676176, 36.52706329427019, 0.0, -1.4551915228366852e-11, 7.275957614183426e-12, 7.275957614183426e-12, 0.0, -7.275957614183426e-12, 7.275957614183426e-12, 0.0, -7.275957614183426e-12]","[3442.767117471059, 5962.75145284602, 8011.750127767655, 8351.215939210442, 6753.262940469475, 4236.617285998969, 2061.894483693817, 778.4939970121743, 228.02671346444487, 51.815276029601186, 9.13422137244305, 1.2491853371640032, 0.13253294590694206, 0.010908435134235778, 0.0006965345828835647, 3.450361052874199e-05, 1.325952694866256e-06, 3.953057633297223e-08, 9.142814122282245e-10, 1.6404698886937136e-11]",0.006552702819722233,0.0017938066993197698,[1.72649612e+02 4.79877507e-02 5.24621147e-02]
10,FC_SGP_original_images/ccfbvc170121.fits_443.4051_132.5788_SGP_orig.fits,"[2041.1361505318628, 5756.98302686804, 8982.725256394791, 11380.694285684167, 12682.792043208192, 12954.312897837204, 12273.599780415585, 11209.846778826322, 9883.542131902534, 8511.162161933113, 7586.3658080603345, 6442.796258797971, 5582.56756164768, 4998.198175655925, 4059.502092593888, 2801.3810384847893, 1700.0287176105776, 1259.405983329285, 778.3339887487527, 481.69703972295974]","[5201.611048265325, 6734.786450869792, 8321.074326869018, 9810.803785818216, 11038.228894378159, 11851.240680015393, 12142.213289921452, 11871.388386353898, 11075.791887421547, 9860.925481137461, 8377.803769075575, 6792.228810585127, 5254.895068623273, 3879.586200781618, 2733.2312682783413, 1837.5407198412624, 1178.8734316738194, 721.7171164383217, 421.6347988022794, 235.05825420034307]","[5545.017060758889, 14147.622319536928, 18324.070274404174, 18562.37441299532, 15587.96438344018, 11401.18955869571, 6923.463408446274, 3518.380238325699, 1919.3238997177978, 999.2088515969517, 362.65441835495585, 126.94394725626626, 112.32571354637912, 121.31177063012728, 120.22058949359052, 100.00587802000518, 69.64338836360548, 49.93020811700262, 34.49041211383883, 20.981322512903716]","[7631.269429661992, 12847.300233647335, 17376.729251248078, 18882.751154565445, 16485.55527436909, 11563.331183067728, 6516.3353067293, 2950.2916966701823, 1073.1676313442206, 313.62541408791185, 73.63698610149993, 13.890626586438904, 2.1051776121993884, 0.25632839816093506, 0.02507527928473145, 0.0019707698457749516, 0.00012444203742117187, 6.313052366822693e-06, 2.573076777377981e-07, 8.425722917548119e-09]",0.005901724484989899,0.005862102736854619,[4.88542070e+02 6.56760099e-02 7.19023087e-02]
11,FC_SGP_original_images/ccfbvc310078.fits_178.0553_506.567_SGP_orig.fits,"[922.8420191236553, 2411.270369457671, 3334.351657899448, 3876.5232389572866, 3933.31738860473, 3703.814868248717, 3179.5202614379996, 2471.5225269043767, 1661.3465480462146, 1177.520788252612, 919.0729836215141, 801.7863302686601, 593.5929188678565, 550.6229567831251, 490.48491975552315, 295.42092837605014, 159.45609336250345, 136.97932837280314, 64.36700714276594, 40.842198233349336]","[1583.8305603896183, 2313.017727344395, 3049.353298664869, 3629.0676901969705, 3898.889560835107, 3781.3366068299238, 3310.612002416497, 2616.5544216059207, 1866.851613770096, 1202.3983391606264, 699.1099392548563, 366.945128167036, 173.86626162091665, 74.36833307489903, 28.715694126415496, 10.009425025719805, 3.149615099221507, 0.8946730952411288, 0.2294192267280399, 0.05310724671979797]","[2361.2718611165687, 5542.789432821919, 6403.600941625071, 5703.112642626445, 3865.5835789543416, 2204.556432336769, 1125.9817068379052, 411.1892975414339, 66.40133115711797, 3.820958371641609, 0.0, 3.637978807091713e-12, -3.637978807091713e-12, 0.0, 0.0, 0.0, 3.637978807091713e-12, 0.0, 0.0, -3.637978807091713e-12]","[2918.216114150601, 5012.708929322553, 6343.344496863266, 5913.640000019174, 4061.4605775387145, 2054.945819808495, 765.9656324207858, 210.33375083296994, 42.54998619765479, 6.34133439005452, 0.6962298845116347, 0.05631387868537241, 0.0033555908039325606, 0.00014730358769509294, 4.763744144889165e-06, 1.1349436670095688e-07, 1.99200744889878e-09, 2.5757184256855788e-11, 2.453559452169796e-13, 1.7218113301756176e-15]",0.01997073805474324,0.0021755375476586016,[1.59457154e+02 5.38568324e-02 5.94127271e-02]
12,FC_SGP_original_images/ccfbvc310078.fits_513.7465_403.1672_SGP_orig.fits,"[2452.4616859390917, 6575.799756786922, 9215.70327977139, 10747.738188733587, 11618.52266047625, 11385.36999437859, 10277.39374026627, 8652.447237635919, 7000.365810229836, 5910.251714415965, 5327.4155041817285, 5097.649586237589, 5187.673067794807, 5720.703898182954, 5855.66111925045, 4524.25982607319, 2992.7660325765028, 2031.0971363130666, 1363.9599579212663, 757.085858542152]","[6439.619352459525, 7328.175125618993, 8125.6992966548005, 8779.199508061156, 9242.263689762747, 9480.495938480444, 9475.737528753423, 9228.354161844225, 8757.18952326548, 8097.19333597063, 7295.1383726421955, 6404.154836416446, 5477.966573308407, 4565.687648682784, 3707.85105916683, 2934.0508010783165, 2262.2585707549533, 1699.5976429465723, 1244.1686749910962, 887.4454559679862]","[4085.9153024229945, 10365.6373034137, 12742.014528498903, 12318.086754367654, 10577.63042086111, 8314.093177154195, 6172.846132140097, 4233.665985563988, 2675.4769167206687, 1743.7626462924527, 1228.9756229716731, 986.0248795780062, 938.7135983143526, 1118.9927954238956, 1194.6537233266718, 1036.409839100088, 651.7948763798486, 409.30429291741166, 261.0764259286225, 115.67528465979558]","[6332.323720238942, 9140.7996604476, 11391.1391669571, 12254.963162039076, 11382.004363605602, 9126.14512482112, 6317.1018473337945, 3774.941904149418, 1947.4420846461835, 867.3227036053029, 333.4715315379495, 110.6875305958496, 31.71761464342513, 7.846287608003907, 1.6756750895246026, 0.3089422385170445, 0.049172993744674924, 0.00675675070732545, 0.0008015138421865452, 8.208164349016923e-05]",0.009747425085808309,0.03203174016837598,[6.08920678e+02 1.64023334e-01 1.83795859e-01]
13,FC_SGP_original_images/ccfbvc310080.fits_178.1496_506.69_SGP_orig.fits,"[1169.8316588997882, 3619.1485770051845, 4851.031509700259, 4744.293966697196, 4160.702179216349, 3272.7024449021155, 2380.0626930229373, 1719.268607136979, 1094.655240685137, 756.8101827467617, 620.7189623734957, 484.9552679558219, 362.4080534443492, 335.5193959680182, 296.86054963932474, 278.9281161955805, 141.55998388796434, 0.20553398047195515, -54.058595901839, -18.327191442429466]","[2138.6196765059008, 3241.4579593172566, 4207.22864333816, 4676.282310603209, 4450.965372157847, 3627.910757112338, 2532.2574718719034, 1513.5891762166088, 774.7419131311395, 339.5900650738095, 127.4681805558361, 40.97297358384269, 11.278259077635962, 2.6584930906459197, 0.5366336368721983, 0.09276179264042966, 0.013731224274615766, 0.0017405971758511559, 0.00018894533536649644, 1.7563981092346318e-05]","[3321.5950010961424, 8706.368810347118, 8634.624616654375, 5112.497564211371, 1767.2086064472824, 265.86355422428096, 2.1980220766818093, 0.0, -3.637978807091713e-12, 0.0, 0.0, 0.0, 0.0, 0.0, 0.0, 0.0, 0.0, 0.0, 0.0, 0.0]","[3759.0713023250037, 8162.115346722915, 9019.424507896529, 5072.345918717911, 1451.7533424610153, 211.4612238253962, 15.67554263769422, 0.5913823538758233, 0.011354501579525493, 0.00011094857385435848, 5.51733442404154e-07, 1.3963388743651343e-09, 1.7984827839249925e-12, 1.1788964944290733e-15, 3.93277411983371e-19, 6.676921431814112e-23, 5.769091990768565e-27, 2.536837201516355e-31, 5.6771669669704225e-36, 6.465835808213156e-41]",0.027500920602706876,0.000914624075469018,[1.77285579e+02 2.66246447e-02 2.83870845e-02]
14,FC_SGP_original_images/ccfbvc310080.fits_297.1078_311.5216_SGP_orig.fits,"[1398.630271186878, 4399.78603935564, 5800.104537854446, 5523.64646115805, 4658.496391517012, 3577.351191048572, 2587.971285866697, 1735.3442588576472, 1260.7402582251016, 921.7509945322563, 808.8506941169835, 712.7439499612447, 681.4676774025211, 720.4675885823817, 649.6344955779059, 395.6323503691747, 221.84885190345813, 161.86360836170934, 89.27335459326423, 44.42883247324062]","[2579.8179973460005, 3900.3729207568085, 5011.668748996692, 5472.902924137468, 5079.398574761153, 4006.507885083003, 2685.8321738455948, 1530.2095332577514, 740.9383873725616, 304.9105486399438, 106.64044880932333, 31.697910886136192, 8.00752820756666, 1.7191963301513473, 0.31369791691056154, 0.04864709995048475, 0.006411526431894627, 0.0007181663956940223, 6.83672142026517e-05, 5.531333561465996e-06]","[3924.6938635411243, 10322.608314061745, 9881.031938752476, 5213.861309927161, 1438.5349840011258, 149.77068283336484, 1.8290992577458383, 2.11049914355317, 2.391899029356864, 2.673298915160558, 2.954698800971528, 3.2360986867788597, 3.5174985725898296, 3.7988984583935235, 3.998326037013612, 3.0741476994007826, 2.1219694618775975, 1.539970287351025, 1.0661516957043204, 0.6475263114589325]","[4342.279599625699, 9802.119111312715, 10310.618243189147, 5053.729340479283, 1154.2550705085039, 122.84405488144051, 6.092128229185487, 0.14078178544206033, 0.0015159554610410172, 7.606571557946736e-06, 1.778500570332125e-08, 1.9376779742982328e-11, 9.837205337153836e-15, 2.327150181080644e-18, 2.565308650846527e-22, 1.317702532360374e-26, 3.1539708540411485e-31, 3.517713869189836e-36, 1.8282091856157856e-41, 4.42745139895067e-47]",0.04562176563421917,0.001029332851574397,[1.82148487e+02 2.17796936e-02 2.30835788e-02]
15,FC_SGP_original_images/ccfbvc310081.fits_393.0507_312.993_SGP_orig.fits,"[2324.770498273402, 6187.731346167372, 8277.524904146712, 8941.832282103172, 8454.557508365313, 7043.128175693339, 5354.917614574893, 4021.1222560423266, 3006.8240327908497, 2343.793769979784, 2184.8460575027348, 2278.1128840757156, 2711.7044431179456, 3760.493224014681, 5232.041865229243, 4847.703706870059, 1969.889862545533, 840.8005352906039, 310.411064684944, 116.11422754102387]","[6096.15635297894, 6243.719852225044, 6302.477991885122, 6269.889469635066, 6147.365700875058, 5940.169427883912, 5657.039780298994, 5309.581004920985, 4911.474425547461, 4477.588111734422, 4023.0646573794656, 3562.4641441988747, 3109.0278269991004, 2674.1104072588996, 2266.8076888835176, 1893.7848491120405, 1559.2911579219526, 1265.3317700129153, 1011.9573906349871, 797.6284909721077]","[7976.915116414198, 18522.344082541505, 19201.282751930303, 14218.59269446574, 7783.003500065388, 3362.5410243751103, 1165.993818851246, 374.23009085506783, 151.64562932556146, 42.60631624846428, 6.406673555291491, 0.0, 0.0, 0.0, -1.4551915228366852e-11, 1.4551915228366852e-11, 0.0, 0.0, 0.0, 0.0]","[9399.452529234557, 16824.8845475803, 19653.015811666526, 14980.761544838875, 7451.88520014568, 2418.945018601125, 512.4050667537616, 70.83182157499644, 6.389560442047473, 0.3761327347607588, 0.014449035478280902, 0.0003622131057817332, 5.9253913572930894e-06, 6.32553839444477e-08, 4.4066192718681465e-10, 2.003277621894273e-12, 5.9429807938721214e-15, 1.150522432174803e-17, 1.453494629789338e-20, 1.1982828653496598e-23]",0.02806430149972967,0.0037802452134526364,[4.99591558e+02 4.61974981e-02 5.09431473e-02]
16,FC_SGP_original_images/ccfbvd120064.fits_480.1201_27.653_SGP_orig.fits,"[1701.844346247016, 4825.098394828957, 7166.818809620532, 8434.082023819916, 8847.275931343942, 8451.196315909649, 7596.03002835199, 6581.834030333266, 5631.27765696912, 4966.130874012233, 4333.266187450237, 3526.9078030709934, 2913.2561204819795, 2406.934173979651, 2167.327401859773, 1154.5649849717593, 639.3847680526233, 294.52422941236, 165.15799507452175, 44.83979624096537]","[4034.4822880206602, 5152.352805308378, 6244.091965666812, 7180.90043874876, 7836.721929253283, 8115.885019140369, 7975.965215975337, 7438.348707601074, 6582.876901859479, 5528.4177275592765, 4405.872092691319, 3332.029486943316, 2391.287007658814, 1628.547722436915, 1052.483247525812, 645.4696273125945, 375.64909577000367, 207.46020435834706, 108.72594023364786, 54.072625807625364]","[4859.35031200159, 12070.591293140196, 15355.444512946127, 13832.178868027699, 10142.430667350927, 5590.4798887207, 1855.4174391427587, 323.6915103677893, 16.02384820775478, -7.275957614183426e-12, 0.0, 0.0, 0.0, 0.0, 7.275957614183426e-12, 0.0, 0.0, 0.0, -7.275957614183426e-12, 0.0]","[5915.865199292961, 11157.083028300023, 15076.449958071455, 14596.99791703505, 10126.142426887092, 5033.157804828352, 1792.4749396198044, 457.38473701499726, 83.62310197347362, 10.954357469862128, 1.028166795969787, 0.06914428179359543, 0.0033316931459716234, 0.00011502434022211947, 2.8453161981369692e-06, 5.04298122990076e-08, 6.404130853460556e-10, 5.8270543995828465e-12, 3.7988660288616165e-14, 1.77449554501264e-16]",0.006834062684551166,0.001096391897228825,[2.97981236e+02 3.90907329e-02 4.22564027e-02]
17,FC_SGP_original_images/ccfbvd120067.fits_430.7711_436.9033_SGP_orig.fits,"[20175.25251074914, 57572.23320263323, 85936.75417608375, 103700.17762278856, 109797.43189529708, 106081.75348760001, 95934.31064589584, 83463.83126351389, 70328.35492388683, 58290.03379322635, 47262.73354124965, 38227.46361657046, 30979.44226685271, 24695.481930803624, 19608.26940669387, 11851.461489978712, 6471.448940293398, 3675.719586769934, 1898.1849702134496, 1002.4865625426173]","[45579.738141548674, 61018.081211864446, 76648.86202525346, 90346.91347486892, 99926.66038936531, 103707.42957194826, 100994.75297238833, 92288.6294225941, 79133.07196016825, 63669.03955574951, 48068.327981712566, 34052.59216567165, 22636.109302986413, 14119.321641917395, 8263.924201115864, 4538.572344883285, 2338.9053321145525, 1131.010064222337, 513.1930178683773, 218.50201817850945]","[63275.234205451416, 165741.26840682045, 207328.12913137028, 189970.61265961686, 131559.21178256534, 58690.33719084051, 10459.35365324677, 316.75355257513, 0.0, 0.0, 0.0, 0.0, 0.0, 0.0, 1.1641532182693481e-10, -1.1641532182693481e-10, 0.0, 0.0, 0.0, 0.0]","[75298.26021437191, 152361.55455050414, 209961.38059085837, 197050.26161353037, 125947.10320860578, 54824.2781064123, 16252.913796298924, 3281.4297663021794, 451.1994546737535, 42.25203104232195, 2.694636484259254, 0.11703785466737977, 0.0034619922444072103, 6.97428033579452e-05, 9.568553313940539e-07, 8.940601402498846e-09, 5.689325176194535e-11, 2.4656325327930015e-13, 7.277287253259546e-16, 1.4627976555015065e-18]",0.007917550208571286,0.0020178876270452303,[3.88065980e+03 3.39996620e-02 3.63289213e-02]
18,FC_SGP_original_images/ccfbvf110066.fits_430.91_436.7877_SGP_orig.fits,"[35912.341016211336, 106117.78743483362, 146178.93658485368, 149431.52211632044, 133797.51347622945, 107382.23772942205, 81442.91919429158, 59327.96093922772, 42403.43577450095, 30860.152328855824, 22991.398034830112, 17602.476505023544, 13853.051240397966, 11101.469013637397, 8932.703981584404, 5474.259372768458, 3162.937701650546, 1911.3793267499423, 1211.1896827976452, 649.9431178420782]","[66158.37417046053, 97788.56740093655, 126180.51285884393, 142133.8229737564, 139766.64206690944, 119980.47300704835, 89912.18523597364, 58820.33326301399, 33592.115380773306, 16747.429973466988, 7288.865434067945, 2769.316791400701, 918.5150786435928, 265.95054591570863, 67.22277349184031, 14.833133723257705, 2.857263819570318, 0.48047270002959114, 0.07053229833767605, 0.009038748444204601]","[83445.06814739993, 248667.62232991634, 300516.88125077833, 204960.66644381906, 69782.97954190476, 7766.266884449986, 28.543981839437038, 1.8846984757110476, 1.1641532182693481e-10, 0.0, 0.0, 0.0, -1.1641532182693481e-10, 0.0, 0.0, 0.0, 0.0, -1.1641532182693481e-10, 2.3283064365386963e-10, -1.1641532182693481e-10]","[92863.48519227371, 237890.71151405154, 308306.4025844972, 202143.67381423886, 67051.78088731547, 11252.08571878201, 955.2747507814014, 41.0294899280457, 0.8915310823885605, 0.009800526611585774, 5.4504817218171916e-05, 1.5335322549948424e-07, 2.1828479965580128e-10, 1.5719061970736118e-13, 5.72667200765171e-17, 1.0554813056535317e-20, 9.841727443616253e-25, 4.6426364152269347e-29, 1.1079765419910197e-33, 1.33773167301597e-38]",0.024374960668253648,0.0007340682225207833,[3.51329391e+03 1.58569303e-02 1.64624718e-02]
19,FC_SGP_original_images/ccfbvf110069.fits_466.6864_303.6346_SGP_orig.fits,"[3462.0421466485905, 9866.624604039218, 15139.28950407668, 18071.47395182078, 18269.560656049463, 16846.077458313215, 14741.070787924895, 12421.517843987429, 9371.663342833985, 6996.860300893153, 4947.11951994503, 3458.780625879168, 2449.1544720033417, 1725.3637593330932, 1236.3529829222243, 479.50593524915166, 145.3941639791592, -69.14980149446637, 1.8445924728002865, 27.098995107226074]","[6859.650621109908, 10068.47206634486, 13411.344023918435, 16211.68651481735, 17784.073801966708, 17704.410362376773, 15994.801080226407, 13113.643709326598, 9756.972415187878, 6588.005225721577, 4036.8252850654617, 2244.7766307477136, 1132.8006046345156, 518.7773094501489, 215.60341393182816, 81.31627105136486, 27.832129530481346, 8.644951869137865, 2.436833649197507, 0.623356291258017]","[11162.348282547935, 28570.244513530444, 34596.74123683919, 28855.05123222618, 17134.78374121402, 6879.151008784858, 2176.511417315007, 229.8003059290204, 2.7038579190702876, 1.4551915228366852e-11, -1.4551915228366852e-11, 0.0, 0.0, 0.0, 0.0, 0.0, 0.0, -1.4551915228366852e-11, 1.4551915228366852e-11, 0.0]","[13198.92882435849, 26533.7607505622, 34842.20050970563, 29885.394108486154, 16743.99339254693, 6127.816410937076, 1464.8700228439873, 228.73840205418207, 23.330589849814924, 1.5543864429438425, 0.06764550223389545, 0.0019229389492460107, 3.570579536830886e-05, 4.3307047078841886e-07, 3.4310344390295792e-09, 1.7755717532733703e-11, 6.002028073084412e-14, 1.3252702906687031e-16, 1.9114262544199606e-19, 1.800765976522577e-22]",0.007572462334540902,0.0009131105846476112,[6.00316368e+02 3.06881400e-02 3.29516923e-02]
20,FC_SGP_original_images/ccfbwd010113.fits_266.2741_418.8532_SGP_orig.fits,"[5320.387818409472, 13781.199399903606, 17973.586934279643, 18250.07407260022, 16135.267449488769, 12981.578818879658, 9879.372868424267, 8229.285975041188, 7005.970821742478, 6101.8874482012325, 5092.975250484058, 4329.338784036052, 3673.3499125941453, 4007.798611369377, 4431.843319924432, 3897.231711154309, 4789.383713773801, 4051.3248091032146, 2506.742193615297, 1445.4181535073149]","[11853.067332577497, 13080.234201763153, 13901.396788518776, 14228.51283524905, 14025.512229675542, 13314.844637608589, 12173.392536256004, 10718.778589019143, 9089.439949063159, 7423.130580196502, 5838.418560951765, 4422.435463265034, 3226.160221735772, 2266.566737422693, 1533.5899043872257, 999.3281510182794, 627.1409408652656, 379.03589124632333, 220.6244646691727, 123.67592097704625]","[13930.721386322643, 30734.39530734044, 33026.196328333936, 26448.593752145855, 16819.50825686811, 9345.490027253618, 3870.869437415109, 1306.8131506384234, 315.5747540796292, 157.80794457677985, 26.59056209769915, 0.025664248591056094, 0.0, 0.0, 0.0, 0.0, 0.0, 0.0, 0.0, 0.0]","[16730.189106576163, 27698.923954089936, 32951.501248407774, 28166.817037366523, 17300.179114947758, 7635.081653233832, 2421.1797446396763, 551.6843162133544, 90.32427884960981, 10.62597103323058, 0.89822060219226, 0.054556645117528134, 0.0023810173487327033, 7.466683162012898e-05, 1.6824537943213883e-06, 2.724010820496615e-08, 3.169018470352707e-10, 2.6490549808096614e-12, 1.5911364817250778e-14, 6.867112373961074e-17]",0.03209551844379838,0.0029617843308006398,[8.90938849e+02 5.72699305e-02 6.38369167e-02]
21,FC_SGP_original_images/ccfbxb090103.fits_327.2416_106.9162_SGP_orig.fits,"[5237.366211192448, 14718.686075232343, 20707.196721054963, 22043.947840372522, 19613.116850629216, 15511.076342958186, 11203.379721049714, 8219.629788553895, 5966.236221785395, 4659.285799511752, 3560.8963942536066, 2747.000491650222, 2692.5437765794923, 2427.933261260274, 1587.706751624879, 729.8163574555074, 271.49120787903666, 292.2331262186053, 107.47616822691634, 66.78202531934949]","[9235.648960385673, 13924.40851096971, 18203.738069392002, 20635.68467352799, 20283.909828086173, 17288.564825451125, 12777.347238869712, 8188.360135600269, 4550.17035259631, 2192.4659671939685, 916.036013806642, 331.86902463678035, 104.25463517687348, 28.398703275769122, 6.707738607872391, 1.3738149367171624, 0.24398033352755696, 0.03757127130727774, 0.00501685378496734, 0.0005808733878870937]","[16505.78284453739, 39266.55865549046, 40231.54147884193, 24598.42109245328, 8276.682844584735, 1667.6443283385888, 126.97512540654861, 3.797090834850678, 0.0, 0.0, 0.0, 0.0, -2.9103830456733704e-11, 0.0, 1.4551915228366852e-11, -1.4551915228366852e-11, 1.4551915228366852e-11, 1.4551915228366852e-11, 0.0, 0.0]","[17891.188221808192, 37467.24493261848, 41533.137688045965, 24370.707197906424, 7569.582550808121, 1244.5321921651982, 108.31054669570089, 4.989600431310238, 0.12167215408766419, 0.0015705328792820338, 1.0730829053435651e-05, 3.8810561647267544e-08, 7.430139823578117e-11, 7.529644169777915e-14, 4.039078811586634e-17, 1.1468869449239101e-20, 1.7238096145696235e-24, 1.3714765800957067e-28, 5.7758765271997507e-33, 1.2875906461717691e-37]",0.030106384212096965,0.0004100857657055371,[5.60158572e+02 1.89828322e-02 2.03697026e-02]
