,label,xcentroid,ycentroid,sky_centroid,bbox_xmin,bbox_xmax,bbox_ymin,bbox_ymax,area,semimajor_sigma,semiminor_sigma,orientation,eccentricity,min_value,max_value,local_background,segment_flux,segment_fluxerr,ellipticity,fwhm
0,1,226.76955591094517,7.300844017579819,,224,230,5,11,44.0,1.0059888632064102,0.8695568923246215,5.465174937228932,0.5028387468384368,0.0,526.235457293715,0.0,1631.791529030649,,0.13561976267504205,2.2141212108560944
1,2,337.539437714099,11.568338136693225,,334,342,9,15,52.0,1.1008041814210794,0.9145260508097396,35.81076024992046,0.556600990467366,0.0,348.5250243541043,0.0,1430.6912157417378,,0.16922004272446045,2.3829846586116887
2,3,23.314809187696163,14.959772032260442,,20,26,12,18,43.0,0.9956294675039499,0.8474330928339989,83.50916413830466,0.5249175419126368,0.0,205.608641944519,0.0,920.9855030701107,,0.14884691494867097,2.177044111370948
3,4,162.11204406215438,16.3147887674551,,159,165,13,19,42.0,0.9947905259777216,0.9415698194716052,-19.967842242772953,0.3227020819373035,0.0,345.6154621147093,0.0,1842.8750333333908,,0.053499410294251426,2.2807510535023727
4,5,219.9233590319325,17.01064299093882,,217,224,13,20,53.0,1.164189271899008,0.9687497714626203,-25.29720073451492,0.5545897020137509,0.0,120.91669319383907,0.0,573.4302358102251,,0.16787605345099055,2.5218642798892925
5,6,202.96414852772057,17.853273592252176,,199,207,14,21,59.0,1.3712113463365072,0.9335029579976681,-29.130879257961148,0.7324813732571253,0.0,210.21748149260196,0.0,937.7977096574889,,0.3192129276849067,2.7620986811322266
6,7,49.57921065568834,23.07748807941402,,47,53,20,26,42.0,0.9896198509554701,0.79514046060095,-30.81266170687067,0.5953307891035601,0.0,152.39561921010446,0.0,462.39176155378556,,0.1965192898735325,2.113833565827653
7,8,172.9654936720848,24.905817956338538,,170,176,21,28,48.0,1.3011145287458084,0.8761722430508438,-89.79262683185108,0.7392771200520954,0.0,211.17574243231664,0.0,1072.074514292153,,0.3265986785226216,2.611927933801471
8,9,249.3859853161014,22.513165961882116,,248,251,21,24,16.0,0.7604343242482327,0.7454531397391974,-62.32386201538623,0.1975184294623068,0.0,1.760377533945022,0.0,5.427048572522866,,0.019700826266417892,1.7731347306862426
9,10,346.6350678038367,33.41168379012096,,343,350,30,37,53.0,1.3094243800045202,1.0080171583161925,-17.55086859208334,0.6382646585178064,0.0,48.565274918891106,0.0,348.60191547434835,,0.2301829920772418,2.7515600141729992
10,11,157.88519925052523,35.827139263319694,,155,160,34,38,27.0,0.9598678567322192,0.7946759314058183,28.15887594582127,0.5608736852889177,0.0,5.198578076819923,0.0,19.571471048699063,,0.17209861145760363,2.0749533528327215
11,12,28.824704908583605,36.82633405396032,,27,31,35,39,24.0,0.9330891950836272,0.8530584423535498,-44.632509817459876,0.40519489689138255,0.0,2.5797394692068734,0.0,11.55117343156304,,0.08576967041495398,2.1051381004611187
12,13,330.12322890759935,44.5953592023338,,324,335,40,49,86.0,2.3615158890782553,1.0848277370512853,-44.76097260349751,0.8882410308981793,0.0,29.94608749131656,0.0,382.28179125915824,,0.5406223002485432,4.32723685494564
13,14,221.69679021295676,43.65059063775298,,220,223,42,45,16.0,0.747877609296301,0.7255402050593144,-59.59227267340408,0.24257652980883468,0.0,1.2600527531950512,0.0,2.870553763820841,,0.029867726964047603,1.7350162501537076
14,15,236.10389251013441,43.79890987261103,,234,238,42,46,22.0,0.849595591294628,0.7125976236913496,-14.913291401812502,0.5445179310089917,0.0,3.1148675637115195,0.0,7.072656493169312,,0.16125079862351754,1.846401199666372
15,16,300.28617768423095,47.77259369594234,,296,304,44,53,75.0,1.4142256378168578,1.1643015262331242,24.297469445348206,0.5676376950176983,0.0,135.7390573162442,0.0,722.4622756162204,,0.1767215251234887,3.0502111385860045
16,17,198.0,46.54721659432961,,197,199,45,48,12.0,0.7558685805675808,0.5688292519459035,-90.0,0.6585345832285006,0.0,0.9226378361811046,0.0,1.6860560256061348,,0.24744953478715792,1.575182788814529
17,18,270.6856636362949,49.45254544940124,,268,274,47,52,37.0,1.1617087564204898,0.965802200640569,-42.73033726284083,0.5557290819832205,0.0,6.6886173777480264,0.0,46.71901386729657,,0.16863654913263892,2.5155502906685365
18,19,314.1773497894596,52.207173873420295,,311,318,48,56,61.0,1.3322819116596125,1.1246893522070993,-53.29695875650074,0.5360555523979711,0.0,66.80118774631457,0.0,457.9767900906436,,0.15581729184772675,2.9031699692026574
19,20,351.4231357946594,55.213755811442816,,349,356,52,59,51.0,1.2562673454630098,0.8862204403120676,54.59245424242173,0.7087702732347574,0.0,208.46950821690916,0.0,1091.2235180743694,,0.29456063352069195,2.5599365096987294
20,21,103.89728637060539,56.12486938345491,,100,108,53,60,59.0,1.274544947570666,1.195632708389097,-73.66334959521882,0.3464025833914329,0.0,35.2785452530732,0.0,254.1315103042743,,0.06191404966296321,2.90989563436837
21,22,268.80229476742153,64.18962869578196,,266,272,61,67,43.0,1.051215423603147,0.9248663799284926,64.69138494479543,0.4753316302877661,0.0,1676.5334671875955,0.0,8515.930808132103,,0.12019329324676409,2.3314096138610476
22,23,330.64574838614357,67.04573788973221,,328,333,64,70,40.0,1.0074014280164365,0.888560062852898,77.07914357756621,0.4711899403259217,0.0,397.3409969609216,0.0,1581.8535927113671,,0.1179682317877353,2.2367051048134905
23,24,26.344395020751175,68.89396144994075,,24,29,65,72,45.0,1.0680778722950266,0.9673489906931729,88.17711745374238,0.42393750468128955,0.0,503.0993690057422,0.0,1737.4650650728138,,0.09430855578480712,2.3994648030928647
24,25,171.11833791436223,74.99737956871466,,169,173,73,77,21.0,0.8039699231009884,0.7613161360621874,89.73388199967314,0.3213925866147915,0.0,2.704512161684927,0.0,6.6424990563524995,,0.05305395862855322,1.8436676241205956
25,26,247.5495141741455,95.48002605796148,,245,250,93,98,35.0,0.9846070968781326,0.881003672899421,-7.205204937452029,0.44651351915411847,0.0,601.1472150817822,0.0,2654.5231771186754,,0.10522311316585486,2.1999732868335973
26,27,150.38569436091174,100.29966147490961,,146,155,97,104,65.0,1.6132983119335664,1.2438190902334467,27.73590995882546,0.6368605885743555,0.0,7.454993350003914,0.0,102.75179111442249,,0.22902101797732144,3.392010737953957
27,28,38.45696908087177,100.96786065820721,,36,42,98,105,50.0,1.28849035015876,1.0837865344982602,-89.19484967336719,0.5408346240184263,0.0,25.102341980905646,0.0,132.06332335781423,,0.15887105063322926,2.803522118671066
28,29,210.35390461962004,101.30031669918507,,207,214,98,105,53.0,1.2934553183763924,1.1304686470098164,39.14561094710318,0.48594163502253757,0.0,193.17908400023856,0.0,1166.263233311627,,0.12600873725670303,2.860396924465897
29,30,328.9235377012683,100.6669087768252,,324,333,98,104,59.0,1.1039120394265303,0.9458009962403205,-22.49628740258269,0.5156952886568048,0.0,174.6002564147305,0.0,558.7477580644459,,0.14322793622972585,2.420522098849498
30,31,365.85888084463664,118.00525315742719,,363,368,115,121,38.0,1.1911679709939982,0.8096544227884743,-78.05382766035244,0.7334765693821678,0.0,526.9595187615492,0.0,1527.7599698055228,,0.3202852641237163,2.398232147390128
31,32,20.21049395751556,119.37602437904684,,17,23,116,122,45.0,1.0745380778826095,0.9538517147122675,-36.81280981157516,0.46045055239677996,0.0,76.81538277318813,0.0,323.8493946276409,,0.11231464538525793,2.3924700332956674
32,33,99.4743922813909,126.23346820597823,,97,102,124,129,34.0,1.1031113442345437,0.8796151467452643,51.68928198729128,0.6034581027679837,0.0,7.015800717321099,0.0,43.92993440200908,,0.202605293343588,2.3492663902653117
33,34,77.75942169552044,129.3061271088153,,76,80,127,131,22.0,0.8701621687048631,0.7824507543306412,-64.4370615431222,0.43753563662651496,0.0,2.362676776216141,0.0,8.649391062911034,,0.10079892866954943,1.948541648528919
34,35,309.488600506777,135.3075968676252,,306,313,131,139,69.0,1.5553538626287295,1.1501295369174824,85.66800975741425,0.6731951505393028,0.0,45.67800951421997,0.0,423.41176286335264,,0.2605351331602255,3.2209959863745907
35,36,25.185434454384115,136.12719964877178,,22,29,133,139,48.0,1.122421246898693,1.0136982602637645,57.441244516086165,0.42935604414443207,0.0,323.40865838953073,0.0,1691.9571068152593,,0.09686469044962898,2.518344138782224
36,37,283.32387772357146,140.47864085902094,,280,287,137,143,47.0,1.0010284539877978,0.9707296200620036,60.27405349559076,0.24417058791511229,0.0,748.4971604887036,0.0,3784.035594538923,,0.030267704983902077,2.32184179391521
37,38,135.59329716136486,145.7538148762519,,133,138,142,149,41.0,1.0004461956165067,0.8289350488824435,75.81853958722361,0.5598923702994504,0.0,207.10297176559942,0.0,849.5682453066223,,0.17143465334322405,2.163377356978073
38,39,151.03610864879548,154.89486251258165,,148,154,152,158,44.0,0.9961800616647541,0.8594604452495381,-79.82490433576132,0.5056202890155311,0.0,661.7827010221599,0.0,1922.586681288772,,0.13724387957207118,2.190771853207962
39,40,297.0691549389139,168.52300800327657,,294,301,165,171,46.0,0.9910883894601447,0.9535154820283682,64.9868015623095,0.27273481879862144,0.0,2130.0324365095285,0.0,9800.952905554064,,0.037910753300462674,2.290023430197493
40,41,256.3842308912637,169.47279090745718,,253,260,166,173,50.0,1.0485488150039577,0.9455058912370217,40.92790845453445,0.43230371449183513,0.0,1440.1423619043208,0.0,6605.703505791918,,0.09827193764607622,2.350952614103701
41,42,74.76354386301267,171.24953420916273,,72,77,168,174,39.0,0.9794616747160554,0.9251344478730751,65.73529153005266,0.3284148369109151,0.0,45.6973275023453,0.0,119.49684284763713,,0.05546641409806019,2.2434026617796907
42,43,144.45325409242437,175.07130099825358,,141,148,172,178,52.0,1.0981079448352566,0.9461481949373639,-2.665246954044047,0.5075594367488462,0.0,112.97146559368137,0.0,350.71767390919257,,0.13838325331549295,2.4135684745364347
43,44,344.4354025781422,182.47460022367068,,341,348,180,185,44.0,1.2473893756562633,0.9640608289120831,22.471892301606758,0.6345731738780592,0.0,15.451635209133316,0.0,87.80643536892254,,0.2271372133461682,2.625066492337218
44,45,48.703157118787956,195.2135127307088,,46,53,192,198,47.0,1.001776184815,0.8914332665417569,43.408338694665204,0.4562478824269004,0.0,276.6293385421458,0.0,1315.189211730855,,0.11014727635357024,2.2328666373402775
45,46,127.14670315928747,196.90904258836395,,124,130,194,200,47.0,1.1820773932653266,0.9816105456035845,-57.773643505374025,0.557150700584661,0.0,108.15818468233617,0.0,405.2361631894843,,0.16958859783958802,2.5584587304557016
46,47,253.09029976171882,201.81428071212363,,251,255,200,204,24.0,0.8694109629407245,0.829825995881208,22.151824446626566,0.29830944528578607,0.0,7.652288996402141,0.0,22.18151104725441,,0.04553078894430207,2.0012414329623205
47,48,279.07944904016597,203.00880839390456,,276,282,200,206,42.0,0.9387905592752551,0.8651631384779845,81.921245911446,0.3882073673983738,0.0,148.35102904426702,0.0,453.6629566463658,,0.07842795186831752,2.125761524241884
48,49,181.4573178413368,207.41665845377577,,180,183,206,209,16.0,0.8201687406014666,0.6824141650666989,-44.29073977803386,0.554713870528993,0.0,2.1957663389703126,0.0,5.930742964350303,,0.1679588220269722,1.7765754510904395
49,50,86.43902636924796,210.9396869336537,,84,90,208,214,41.0,0.9536812981692595,0.9218113777358801,46.294103651810666,0.2563568400788308,0.0,7939.308526751663,0.0,36189.45685708626,,0.03341778903975445,2.2085426698437223
50,51,101.18819260692638,211.28879165061107,,97,104,208,215,56.0,1.412460803382066,1.2033630704964398,-73.86964986453852,0.5236034589642026,0.0,8.886348919414628,0.0,94.6675585112781,,0.1480379012181806,3.0897214143029603
51,52,251.9617059814534,217.16214527775443,,249,255,214,220,43.0,0.9910289622547267,0.8469251881580135,-25.255499672969695,0.5193004124824183,0.0,138.8570307256286,0.0,356.5955841909346,,0.14540823687822135,2.1706668577129857
52,53,147.81336634728643,236.95243069317632,,145,150,234,240,38.0,1.05855514423264,0.9666700755293036,-87.21469784813773,0.4075169231846434,0.0,4.761959471027317,0.0,30.291566451113205,,0.08680234487920324,2.386973434455073
53,54,368.1410331761796,238.33562567947905,,366,370,234,242,40.0,1.365449756878104,0.836443156732343,83.31381247205374,0.7904108945806333,0.0,9.223378197704738,0.0,58.80826212174115,,0.3874229699635783,2.666302224415923
54,55,287.80588443391554,246.84689068859453,,286,290,245,249,21.0,0.7576583321154217,0.7173190272890264,-43.737592731910766,0.3219463296202616,0.0,1.7093052121903265,0.0,3.4363600047625225,,0.05324207906981737,1.7373024896508085
55,56,100.91916106050566,263.54350335760614,,98,104,260,267,48.0,1.2488599834522298,0.9981420476285472,39.90722221429396,0.6010085969830745,0.0,24.818038676493092,0.0,149.81726400256792,,0.2007574421038152,2.662060688057042
56,57,304.2458375276699,273.0178751576563,,301,308,269,276,54.0,1.134887295446791,1.0007433600577502,77.59474903360457,0.47162395982292826,0.0,155.28582298251553,0.0,594.4196505999294,,0.1182002265134442,2.5194684206043023
57,58,172.82164370383003,279.46710488447417,,170,176,275,283,57.0,1.2318140829576985,0.9895963346614124,88.91857757102643,0.5954869088707381,0.0,85.2847798900442,0.0,376.9495640582399,,0.1966349887108768,2.631013174671312
58,59,80.3369793603238,286.8924555062124,,77,84,284,290,52.0,1.2574788782199138,0.988834288483276,-4.869968545594117,0.6177652878882888,0.0,57.8402383947349,0.0,256.0469316767847,,0.21363745697019643,2.663678496139416
59,60,252.96805197870097,286.13182598374993,,251,255,284,288,24.0,0.9668994786385288,0.8273764975360555,45.0109000851479,0.5174711816324602,0.0,2.7575437534707725,0.0,10.603634660281571,,0.1442993653269239,2.118975936693573
60,61,197.5327717198001,291.03134690222544,,196,199,290,293,16.0,0.7567444137059596,0.5947786280551245,-1.5939712532999677,0.6182642635507276,0.0,0.6708609978035638,0.0,1.2847862879127758,,0.21402970767587126,1.602682741331433
61,62,124.1946353563588,293.8890440290031,,120,128,291,296,47.0,1.3387150998897501,0.8750405539504473,7.602853643350056,0.7568038057928032,0.0,20.90418559251389,0.0,95.72196683574194,,0.3463578964467411,2.6630579044253473
62,63,289.07062887750925,301.383276654858,,287,292,299,304,32.0,1.076891971812334,0.8724336446850522,70.58239675234866,0.5862359633137125,0.0,9.110587257331725,0.0,45.152378393350126,,0.18985964468022976,2.3077457404858266
63,64,70.07144296602091,303.93848732512805,,67,75,300,307,56.0,1.0877659894634646,0.9830492607523952,39.80938270826538,0.4280980353706945,0.0,3288.346927732648,0.0,16944.26683617087,,0.09626769886666564,2.441314011207102
64,65,355.40940662607625,303.8949870184019,,352,359,301,307,46.0,1.0850185608031202,0.9358657701101416,21.746680288458776,0.5059985270054066,0.0,69.24943925506054,0.0,317.5205489969078,,0.137465658267244,2.385881321129827
65,66,215.6123389205783,312.1762239361111,,212,219,309,316,55.0,1.023789108728802,0.9278120588354606,-57.57574799015222,0.42273550755843625,0.0,198.2800169596848,0.0,480.7120235766298,,0.09374689481949294,2.3006117952678014
66,67,319.35445177804263,313.9316946051446,,316,324,311,318,56.0,1.4413463153449586,0.9059640850706062,27.151143748780438,0.7777658952530246,0.0,174.31939371314226,0.0,1029.9567935669074,,0.3714459353553895,2.83472319787607
67,68,245.4968186904971,322.3326374907619,,243,249,318,325,48.0,1.0993826696141509,0.9457529904042583,89.3838567466153,0.5098585845424256,0.0,87.78444425485166,0.0,310.06734597839704,,0.1397417691365026,2.414747670850821
68,69,347.7545119645912,334.10602360591685,,345,351,331,337,45.0,0.9715639430573395,0.8882110753289755,75.95466308046343,0.40524632878321964,0.0,427.7347017369411,0.0,1405.66087334449,,0.08579246721123401,2.1919159122661065
69,70,134.95673401935804,343.33760302028884,,132,141,332,346,93.0,1.1297228902500778,1.0204463339861545,76.83155769248211,0.42906974517791957,0.0,3668.759301812905,0.0,20457.95339395895,,0.09672863779872032,2.534898169311089
70,71,365.97794335777417,340.1921629185725,,363,369,337,344,48.0,1.1884250354887125,0.9480663839524719,-75.8696218221952,0.6029879922315654,0.0,44.30353378460916,0.0,243.0206788312801,,0.20224973755908682,2.5313953679043446
71,72,333.1748430716954,342.82320288801174,,330,336,340,347,49.0,1.1748757594667905,1.0161137871325971,75.76790975065279,0.5019973819717128,0.0,181.87987177358434,0.0,579.3036999658528,,0.13513086048029999,2.586456706228114
72,73,201.92489370366116,353.8186172181761,,199,205,350,357,49.0,1.2748851966502655,1.0121267532110299,-72.3036879848884,0.608053060618956,0.0,130.86723230960564,0.0,607.2428289298723,,0.2061036116268571,2.710464786563016
73,74,366.12928149897397,356.3828184640684,,364,368,351,360,43.0,1.07866806151318,0.7885458891250102,85.32724265937206,0.6823381949774749,0.0,6034.036933677674,0.0,23150.186203442056,,0.2689633472425056,2.224855990186857
74,75,294.82588482145496,356.24641345402557,,292,298,353,359,42.0,0.9241499908009381,0.9012010858876935,-30.472553095264097,0.2214683769436898,0.0,543.6764322797749,0.0,2318.9601236219814,,0.02483244618479652,2.149356499388066
75,76,262.2532337669603,358.60055392462834,,260,265,356,361,34.0,0.9929587046303638,0.9069911651524397,6.742914290842128,0.4070119234880759,0.0,13.921388583598485,0.0,66.29603953231538,,0.08657715479711336,2.2393087906333324
76,77,48.599903134087405,365.6294896151016,,46,51,363,368,32.0,0.9749527966811361,0.8216077682096844,6.180895064878933,0.538359265717288,0.0,23.928025932791698,0.0,90.68129127927237,,0.1572845670000207,2.1229798332079524
77,78,299.40922619662894,368.0,,298,301,367,369,12.0,0.7518821945563626,0.5688292519459035,7.380058286188136e-16,0.6539469640376968,0.0,1.3428509026867803,0.0,2.2730373199087035,,0.2434596056879188,1.5698841481286525
78,79,191.26233786931843,369.9921851571755,,189,193,368,371,18.0,0.7449978903655597,0.5755881343035087,0.5250770895934196,0.6348885782125836,0.0,1262.6851995682196,0.0,1824.880391556667,,0.22739628964442316,1.5676130576114773
79,80,99.29452745308245,5.75772994448799,,94,103,3,13,62.0,2.0223812208816145,0.9448960571651713,-18.711998220608944,0.884141326933182,0.0,280.43141899752607,0.0,1454.2603914090435,,0.532780443464925,3.7169080977391524
80,81,104.07263352622401,5.097289326890027,,102,107,3,8,23.0,1.0563931366169024,0.758155067841971,6.542283801914886,0.6963702726770952,0.0,203.60570033875493,0.0,622.375619312063,,0.2823173101351628,2.1651322223373524
81,82,92.29067336841786,7.335090637398574,,87,96,4,13,55.0,1.368185231147977,1.0818698078582645,-25.38849358673797,0.6121606279461539,0.0,58.930034748125216,0.0,354.64166482341204,,0.20926656476877714,2.9043500766561037
82,83,110.10194366171184,6.952471544396383,,106,115,4,13,75.0,1.9383681723688078,1.288411724953435,16.587388850787136,0.7471202870815136,0.0,113.7018861824831,0.0,862.164456452974,,0.3353111429915221,3.8755487597754605
83,84,116.37549364988692,6.902251411041659,,114,121,5,10,32.0,1.4978342621245448,0.7749984591067905,-0.613132827995129,0.8557360020532317,0.0,82.09960215865686,0.0,349.7191207938402,,0.4825873070846143,2.808131586609531
84,85,121.11003278037126,7.916528644296299,,118,124,5,10,23.0,0.9443680344912212,0.7870149554777965,1.7951238621499008,0.5527043943701149,0.0,38.81453430112549,0.0,94.25847381714745,,0.16662262303085973,2.0469492669352993
85,86,99.41062779541048,18.05802136506476,,95,103,14,21,57.0,1.3872216709866607,1.0659817905889526,49.75188340963623,0.6399346814250159,0.0,3.2504898872391124,0.0,26.541169322662718,,0.23157069062309732,2.9130852149137505
86,87,122.3188205968158,13.139605187356512,,119,125,9,16,32.0,1.1558372279218538,0.9411171822303642,-89.69106203462299,0.5805426237263679,0.0,186.2487325257516,0.0,499.3009275504385,,0.1857701417677532,2.4818849532619693
87,88,121.44053665330227,16.010972631955138,,116,125,13,19,46.0,0.997236660503069,0.9361308780884733,18.910216366355137,0.34466733819107964,0.0,182.41634829801276,0.0,797.4099741336804,,0.061275106336112994,2.277503000528383
88,89,295.020784218947,5.420274229208875,,286,303,4,10,72.0,1.205337435433997,0.7568318930081613,3.8064702121503067,0.7782936791748051,0.0,9010.312387995582,0.0,37695.79335801474,,0.372099570826277,2.3698621876531627
89,90,276.8814472301768,7.950567555488119,,273,284,5,11,66.0,1.4710584339516481,0.9166387161835696,10.93058153663123,0.7821301541796692,0.0,65.46614799119368,0.0,436.59429682751,,0.37688490475443726,2.8860908550874687
90,91,315.13327558235324,12.095496312475639,,311,319,9,16,57.0,1.2391334104139053,0.9988329831084781,-5.02016277007602,0.5918150224497324,0.0,209.29456934598906,0.0,1131.958128261861,,0.19392619494067243,2.650150372465281
91,92,307.3458662685466,13.019191308589253,,302,312,7,18,90.0,2.405529698344729,1.5720192164948665,72.17355840288013,0.7569245205553037,0.0,15.95158656534534,0.0,358.6627605137377,,0.3464976892296986,4.784927564775559
92,93,288.3530858166677,15.458006644069375,,283,293,8,19,80.0,1.7497342941695266,0.9667306956743735,32.5114898952439,0.8335119509388265,0.0,128.0876453066455,0.0,1126.0708912850205,,0.4474985722713909,3.3286105342725554
93,94,296.0132415808654,19.1925282674126,,291,302,16,22,65.0,1.9413384038911872,0.980873710028853,11.838950337146859,0.8629692582257922,0.0,39.694136916282446,0.0,435.06934932693883,,0.4947435706918455,3.6217208975144715
94,95,308.704365262324,24.51586147449574,,303,314,18,31,115.0,1.983077628780255,1.1322096356587037,72.6641222653335,0.8209948411759712,0.0,232.85102085250017,0.0,1825.137337920853,,0.4290643900031793,3.8023218602220394
95,96,309.82081565479575,36.577796265995,,305,315,31,42,95.0,2.356806106409348,1.0941433408461962,59.612436829736986,0.8857050703365356,0.0,70.93529529452768,0.0,571.6020821333598,,0.5357516522591032,4.326620480460317
96,97,349.7689015454434,10.411642944035519,,346,353,8,13,42.0,1.29269831816535,0.926084645595812,8.671712885388674,0.6976933062572113,0.0,42.796995715367665,0.0,174.52964373773108,,0.283603426582817,2.6478387130359096
97,98,356.21151975362244,11.77085349935141,,353,359,8,15,48.0,1.3552531989050283,0.9737695396774653,34.639030977013725,0.6955116247290005,0.0,135.58342035402333,0.0,636.9745217173501,,0.28148515682219477,2.7787566752208153
98,99,285.6852837459398,29.606246443596053,,281,291,25,34,78.0,1.5706674128681655,1.1515625759534158,41.37449555818685,0.6800479098684957,0.0,180.25498002086033,0.0,1107.3939404915352,,0.26683232457814243,3.2429439488136507
99,100,284.3863331101708,38.86618985429746,,281,290,33,43,85.0,1.4190411674027255,1.1250103379132164,86.81290315561348,0.6094869195481283,0.0,1541.3769359345054,0.0,10747.520088779629,,0.2072038755772494,3.015331250142363
100,101,93.50397213586689,37.56128571177799,,89,98,34,43,80.0,1.177589576290205,1.0813590387835912,58.76821953936887,0.3959275103898815,0.0,175.623141039524,0.0,845.5979272139305,,0.08171823141452372,2.6621209785734923
101,102,96.09636878032822,48.66322391188433,,93,99,44,52,54.0,1.3534383134938015,1.0211709962419198,76.43078765654896,0.6562985263554258,0.0,75.53576615553888,0.0,324.08633081925746,,0.24549867839499684,2.8231265045650726
102,103,76.61381840187826,64.65639995025661,,73,80,62,67,28.0,1.199167358736877,0.7428333800305711,-17.439915525976787,0.7850300849577607,0.0,2.4774483842629893,0.0,9.700622878074807,,0.380542361649151,2.3488098120242276
103,104,68.8591414043912,68.90866265178137,,65,74,66,72,61.0,1.2692302180688704,0.8418661766189334,-8.578419923210216,0.7483635346330965,0.0,201.88847015925762,0.0,481.84016397758654,,0.3367112091769845,2.536046078766081
104,105,83.12523925471316,69.37514373137067,,79,86,65,73,59.0,1.1450138141697865,1.0021212415630298,40.40447475202269,0.4837531239732521,0.0,86.9749237302867,0.0,425.93796693172715,,0.12479550101355208,2.533650468839667
105,106,84.94477193737436,106.90929600205295,,80,89,102,111,68.0,1.3095451974041792,0.8459507989157756,-57.10714756973439,0.7633473600920904,0.0,267.94323804381696,0.0,1305.8590138785858,,0.3540117587444517,2.5959375212472406
106,107,74.9905870378073,111.11813054832986,,72,79,108,114,47.0,1.2008869378682498,0.9920012640330964,-35.629933326001826,0.563586332119608,0.0,34.158196027937514,0.0,163.6908925473129,,0.17394283112609754,2.5936159153044755
107,108,149.25897843696094,112.94126720170783,,144,153,108,117,64.0,1.0819825012754063,1.010195227790873,-65.73643155596938,0.3581811939621307,0.0,8569.216186195921,0.0,46149.31611761458,,0.06634790618139641,2.4648006875856425
108,109,158.20072300585124,115.20054051246649,,154,162,112,118,55.0,1.7430696867028783,0.9142240286121462,-1.362849038700256,0.8514161098917845,0.0,351.38441491780316,0.0,2728.968279536585,,0.4755091918663009,3.277389061021615
109,110,143.58362364491276,115.98335520286983,,142,146,114,118,13.0,0.7949781708504382,0.5826836826087853,69.46219884270828,0.6802765059583517,0.0,48.39193013367428,0.0,122.00670662048171,,0.2670444246469662,1.6412188273127173
110,111,139.6384061665066,118.85837624398067,,131,144,114,125,106.0,1.8586175459432528,1.24691887106345,-57.104390303185724,0.7415612883737942,0.0,94.65736268912549,0.0,1105.6106401510656,,0.3291148715425283,3.72674576688727
111,112,123.58556254808694,125.58161970928329,,120,130,123,129,62.0,1.4069164731947932,1.0242534390431657,-27.59445348311643,0.6855633571751027,0.0,285.3328570181483,0.0,1190.9042634013708,,0.27198703081689357,2.8977249856590475
112,113,288.7976568546776,113.92689880434764,,286,293,111,121,63.0,1.3707942226043106,0.9888853407418416,46.726558810230586,0.6925228849568713,0.0,165.8505472421412,0.0,792.1855170229217,,0.2786040935720442,2.8144636476392906
113,114,297.113244892112,117.91038765317501,,292,300,115,122,47.0,1.2222829615901523,1.001690168084709,-53.180219675740844,0.5730449244813058,0.0,170.61910234848452,0.0,495.70358709705863,,0.18047604395831462,2.6313777627514705
114,115,299.53512256847193,117.98066939627323,,299,302,115,120,19.0,0.7548846990306214,0.6532188108887254,-84.78360799486872,0.5012152742153866,0.0,123.3362769961874,0.0,271.18988221335843,,0.1346773729450993,1.662230860863949
115,116,291.0955676622016,127.36684555846057,,288,295,122,131,58.0,1.241253961509532,1.0446698061143738,-83.39110094137607,0.540063068312491,0.0,282.87285425892884,0.0,922.0929969049017,,0.1583754505452578,2.7014037401297726
116,117,296.6760537404198,134.5214528296188,,292,302,129,140,89.0,2.1740372627780284,1.1417018375052992,58.14594927252892,0.8510079301654572,0.0,108.61202617453709,0.0,617.1232338467191,,0.47484716244172853,4.088825167904367
117,118,213.3291606984745,121.26681604635289,,210,216,117,124,41.0,1.0950282880493425,0.9649952346165052,79.60729068701166,0.4726477900164823,0.0,61.4595832532726,0.0,325.2674161526413,,0.11874857923942328,2.4303196069600514
118,119,213.61352102922157,124.0432665700771,,211,216,123,126,8.0,0.8980018178689585,0.21250290893272447,-8.170895671090001,0.9715974668278976,0.0,54.61285589467492,0.0,82.34960609031576,,0.7633602686495518,1.5365672212553312
119,120,214.14976848259997,126.27683877985992,,211,217,124,131,41.0,1.2120677040675722,0.8032733978654967,68.20708128434154,0.7488585984168051,0.0,71.26491863798269,0.0,193.37446914107105,,0.33727019112068135,2.421206383534094
120,121,321.9570082866631,130.9364707543043,,318,326,128,134,54.0,1.3629065222743142,1.024677394590223,14.778625996199988,0.6593541670980224,0.0,14.004690893582318,0.0,116.62066696435906,,0.24816751710871576,2.8392323924485496
121,122,327.74584972237966,136.4781120825554,,326,329,135,138,16.0,0.7719938753788937,0.7001697831182943,62.27400987450291,0.42121057332276196,0.0,1.1403032949032252,0.0,2.8497259785746936,,0.09303712704371947,1.7354019380170715
122,123,239.44906923694094,143.8767377991057,,235,247,141,147,72.0,1.7308385922211895,1.0018173718710592,-4.196025772579993,0.8154662550085814,0.0,164.03775192368641,0.0,1173.6040398621694,,0.42119538102890086,3.3299854372899524
123,124,233.17254258178053,145.41723860814324,,230,236,143,148,35.0,1.2374211357179072,0.7788263322216633,-15.221256137944335,0.777085763220622,0.0,118.64839555427733,0.0,565.5482390639244,,0.3706052775882026,2.434581882163479
124,125,84.62605592751677,196.78806768970534,,79,90,192,204,115.0,2.055177154742987,1.5759301311366314,8.524834101249803,0.6418743023956177,0.0,30.146160141654963,0.0,520.5964124411677,,0.23319012791687466,4.312378584490917
125,126,71.56500247326223,202.07893849202887,,68,78,194,206,95.0,2.0667067654956885,0.9322112428147876,-47.75125142860424,0.8924930195092313,0.0,423.3528834608126,0.0,2137.3186927122447,,0.5489387955861258,3.7751719155018346
126,127,272.23658420697006,267.32945410799584,,268,276,263,271,54.0,1.2139018319180335,1.0283621486495156,60.631472239831055,0.5313469706417802,0.0,196.51106962818503,0.0,763.0353159230589,,0.15284570662139518,2.649086920854659
127,128,273.22275794076614,270.3002138962425,,271,276,269,274,28.0,0.9695410498818051,0.7049465457208544,5.76889653728223,0.686538940371801,0.0,227.73078802990142,0.0,341.59528220230584,,0.27290696375693113,1.9960204527544418
128,129,45.15660473748208,310.54612751315864,,42,49,306,314,65.0,1.3661029748991667,1.2221466635708158,79.9926714184637,0.4468224637541267,0.0,56.658032531092054,0.0,353.02413806148127,,0.10537735000465565,3.0521410282409267
129,130,45.42875751230159,318.76998717467546,,42,49,315,322,53.0,1.12851242734601,0.9413006576569769,71.39782948292306,0.55160194952698,0.0,201.98920021758963,0.0,608.279453620688,,0.1658925193489541,2.446966936773538
130,131,307.4084133106156,333.8262839979055,,304,311,330,338,51.0,1.19610622136751,0.8057313871284363,-42.87326605539853,0.7390700088452296,0.0,294.22989607797473,0.0,723.418418823197,,0.32637137677685313,2.4013814503056765
131,132,296.7902467847686,340.04316288288777,,292,305,334,344,95.0,1.932144826577102,0.9712831544572008,-28.444506516335323,0.8644627568975367,0.0,367.957872568524,0.0,3441.203543931577,,0.49730313116440605,3.600863505654997
132,133,355.86325358293925,360.52119203752517,,350,360,357,364,60.0,1.1020652284307062,0.9267044505063424,-9.937421479667616,0.5412218287302271,0.0,5599.559846684821,0.0,29734.76129309751,,0.15912014407175334,2.3976005386871697
133,134,342.99361034201723,363.04655251901227,,339,349,359,366,69.0,1.5968420951513242,1.0922350928395412,28.29567637407553,0.7294848853709814,0.0,26.416146079964047,0.0,230.18054594836235,,0.31600306870916006,3.2214085283828227
